song_index,file_name,mfcc_0,mfcc_1,mfcc_2,mfcc_3,mfcc_4,mfcc_5,mfcc_6,mfcc_7,mfcc_8,mfcc_9,mfcc_10,mfcc_11,mfcc_12,mfcc_13,mfcc_14,mfcc_15,mfcc_16,mfcc_17,mfcc_18,mfcc_19
0,Arms Around You (ft. Lil Pump).mp3,-69.95483398,93.46244812011719,17.969282150268555,13.414965629577637,8.718034744262695,7.375862121582031,3.015531539916992,7.759262561798096,-3.313734531,11.111391067504883,-1.961174488,5.539019584655762,0.040310803800821304,-0.973644316,-2.153771877,-1.355908155,-7.298932076,-2.469102383,-7.651441097,-3.699295282
1,Moonlight.mp3,-160.5726929,107.09632110595703,16.447216033935547,11.060697555541992,7.885654926300049,3.441734790802002,2.265227794647217,5.156440258026123,-11.44451332,9.641687393188477,-1.004243612,0.890967846,-1.307999611,0.3117883503437042,-2.025956154,2.2447028160095215,-4.740929604,-0.3581478,-4.7315588,-2.763512373
2,DHLC.mp3,-48.82258987,74.60797119140625,-17.93667603,28.693504333496094,-4.838623047,8.704147338867188,-4.561463833,3.3601808547973633,-5.102324963,7.077415466308594,-1.308441401,4.380375862121582,-1.935107946,1.401875376701355,-3.805263042,0.5469411611557007,-4.532918453,0.4109005331993103,-3.414991379,0.51201278
3,Hollow (feat. Emma Louise).mp3,-58.28622055,84.0407486,10.548442840576172,13.646246910095215,10.260513305664062,4.291655064,7.985566139221191,3.6943795680999756,3.830928325653076,5.074457168579102,-1.856646776,2.3978254795074463,-3.194802284,2.116276502609253,-4.622971058,0.6202852725982666,0.16495411098003387,2.267472505569458,0.851810873,5.293412685394287
4,Palaces (feat. Damon Albarn).mp3,-129.4012451,122.35167694091797,-14.47761154,18.156044006347656,-9.029239655,2.2283859252929688,-6.784965038,2.3827643394470215,1.416291356086731,3.4434916973114014,-1.730877638,1.8706917762756348,-3.68644762,-0.695662558,-5.670456886,-2.855021238,-5.980321407,-3.370175123,-0.062572502,1.5305660963058472
5,Aiobahn - If We Never.mp3,12.474021911621094,66.62297821044922,-3.315515757,15.708433151245117,2.934467315673828,6.2210798263549805,-2.671554804,4.1940178871154785,-0.866581261,4.100884914398193,-0.770953536,0.9195374846458435,-1.227992892,0.7982496619224548,-4.135926723,3.4246280193328857,-2.468354225,2.256246566772461,-1.614624858,3.110077381134033
6,Akano - Kamado Tanjirou no Uta (From -Demon Slayer Kimetsu no Yaiba-).mp3,-163.6555786,84.88184356689453,2.687072754,19.039949417114258,1.9348386526107788,2.5820980072021484,1.0638058185577393,-4.428648472,-2.58035326,0.6851155161857605,-7.262866497,2.9392647743225098,-8.277001381,-0.57518971,-4.893347263,-0.110464334,-0.131859109,-1.197833061,-2.596026421,-1.627859354
7,Aminé - Charmander (Rome in Silver Remix).mp3,-89.66853333,102.9930419921875,2.3413009643554688,10.327127456665039,-0.931623816,7.3797078132629395,-6.436067104,3.8374602794647217,0.40863701701164246,-2.943775892,-5.069068909,-1.713942766,-6.216936111,1.5170055627822876,1.6401509046554565,6.282883644104004,-0.308478624,4.031836986541748,-0.793741882,0.6811221241950989
8,Arctic Monkeys - I Wanna Be Yours_031228.mp3,-95.22330475,120.8040542602539,-23.40736198,14.94314193725586,-0.004172854,4.224570274353027,7.730981826782227,11.99879264831543,-2.998406649,6.223269939422607,0.5748738646507263,3.130526065826416,-2.341729879,-0.001498832,-1.672689676,4.179901599884033,-2.988978863,3.0020015239715576,-1.028118253,-4.914577007
9,Arctic Monkeys - One For The Road.mp3,-76.40493011,114.0255355834961,-17.1377449,18.508209228515625,4.3627119064331055,12.828810691833496,2.6680331230163574,8.464859962463379,-1.746920705,3.037611246109009,-1.669122934,4.350721359,-0.219349459,2.1987249851226807,2.2081503868103027,4.688959599,-0.088061132,2.4824047088623047,-4.982945442,0.43953579664230347
10,Belle - A Million Miles Away.mp3,-194.3242188,125.86177062988281,0.7045397162437439,16.38836669921875,1.841624140739441,-0.373276353,4.819675445556641,-8.501852036,-2.462498665,-0.02779595,-5.680773735,-1.724202037,-7.396545887,0.17148400843143463,-3.304081917,0.592848539,-3.704880238,-0.902000248,-4.129184723,4.095784664154053
11,Berywam - GIVE IT UP.mp3,-60.93994904,87.62711334228516,-0.404555351,16.331096649169922,9.965518951416016,1.5428346395492554,-2.883999348,7.964601039886475,-5.920536518,8.732311248779297,-4.349372864,0.954568088,0.16400133073329926,3.7726197242736816,-1.615944505,3.9629452228546143,-2.353460073,5.933320999145508,-0.700231731,3.055224895477295
12,Bicep - Opal.mp3,-174.6177063,85.92507934570312,18.14037514,30.082752227783203,7.424959182739258,17.657629013061523,6.773220539093018,8.272624015808105,6.472379207611084,7.551487445831299,-0.726988018,2.207239866256714,10.120351791381836,10.881518363952637,3.246067762374878,8.566171646118164,-1.339798093,-3.367217541,-1.164711475,4.403877258300781
13,Brian Tyler - The Invitation.mp3,-307.6728516,157.23377990722656,45.402503967285156,26.477128982543945,16.925737380981445,16.018375396728516,8.447409629821777,5.756464004516602,6.210415363311768,6.030210018157959,2.833505868911743,1.8846521377563477,-0.710861266,-0.001330876,-0.275185943,2.503264904022217,4.026374340057373,4.559568881988525,0.4659139811992645,-0.001171971
14,Camila Cabello - psychofreak (feat. WILLOW).mp3,-94.52386475,78.10712432861328,13.032245635986328,7.3655805587768555,-1.055759549,-5.132176876,-2.378957987,-9.56831646,-0.801154256,3.812925338745117,-0.389690071,1.0408515930175781,-3.159325361,2.722982883453369,-3.185626507,2.751645803451538,-0.411513537,1.9909698963165283,-4.252583981,1.152101993560791
15,Camille - Le Festin.mp3,-187.6149445,97.04216003417969,14.079025268554688,24.251033782958984,-0.429331511,9.442708015441895,8.77924633,-6.771100998,3.9701497554779053,4.268723487854004,-8.301644325,2.914025307,-2.667270422,3.5321853160858154,1.0832667350769043,4.051943778991699,-2.046323299,1.9741171598434448,-0.979205072,1.7610667943954468
16,Chris Lake - I Want You.mp3,-64.35577393,52.69104766845703,12.803508758544922,19.910369873046875,-0.883764267,10.820394515991211,2.227475405,5.863195419311523,4.305514335632324,7.0504984855651855,-5.253036976,0.9858863353729248,-1.265093088,5.236606597900391,-1.057359219,0.09974134,-8.967028618,1.5215815305709839,-2.922060728,2.3926680088043213
17,Coldplay - Yellow.mp3,-65.45967865,84.80200958251953,-6.357750416,34.27745819091797,10.992939949035645,2.4043233394622803,0.034507784992456436,9.259128571,-2.556949139,0.022632515,-1.574123502,2.2036850452423096,-1.747339845,-0.22959666,-0.548601031,1.2121944427490234,-8.422411919,-5.274699688,-6.024859905,-1.012521148
18,Cospe - Sippin.mp3,-117.6729279,83.44081879,21.232553482055664,20.688640594482422,9.379235268,10.950865745544434,0.9916365742683411,2.910548210144043,-6.714948177,-0.622083127,-2.592919827,1.7280877828598022,-2.18483448,-2.902984142,-6.9959445,-1.337599039,-3.494863749,3.0885238647460938,-1.542526484,0.42324912548065186
19,Cospe - System Error.mp3,-147.83992,99.78469086,-6.338413239,2.8482329845428467,-4.256334782,4.094989776611328,-4.245177746,2.1562509536743164,-6.619542599,-1.650269151,-2.277339458,1.3128383159637451,-0.324273318,0.27075594663619995,-1.960565448,0.075524561,-0.043817397,3.5981807708740234,4.471438884735107,2.7679901123046875
20,Dave Rodgers - Deja Vu.mp3,-47.88420486,57.651031494140625,6.352365970611572,17.75516700744629,-0.983347833,1.9191982746124268,3.2838127613067627,7.4916815757751465,-0.209610373,9.623345375061035,-1.171762347,7.360075950622559,-0.655263484,4.138429164886475,0.9741836190223694,3.7962262630462646,-1.559752345,4.9179511070251465,-0.050115347,4.657447814941406
21,Dave Rodgers - Gas Gas Gas.mp3,-38.01967239,65.28884887695312,1.5813157558441162,12.63204574584961,0.12698793411254883,5.223979949951172,-2.168469191,7.446500301361084,-2.123869181,6.148099899291992,-0.890885949,5.47371769,-0.39694488,3.229707956314087,-0.051652651,2.5195064544677734,-1.759875178,1.702502965927124,-1.18977654,4.043818950653076
22,Dave Rodgers - The Race Is Over.mp3,-3.011666536,62.36871337890625,5.622706890106201,17.04380226135254,1.8382645845413208,5.373365402,-0.30814743,5.063002109527588,-2.473931074,7.236704349517822,1.0406718254089355,4.6722187995910645,-1.59247303,2.284339666366577,-1.92251122,2.0829126834869385,-0.22925511,3.207709550857544,-1.807364225,3.5128560066223145
23,Digitalism - Illusion.mp3,-44.47106934,64.15467071533203,-0.33999595,12.676199913024902,-8.428440094,6.490044116973877,-5.622458935,0.380373091,-3.015829563,8.183496475219727,-0.080531821,0.27617326378822327,-2.687744617,4.011353015899658,-0.848932207,3.541386127471924,0.5588842034339905,2.221827745437622,-3.426157475,4.318562030792236
24,DJ KIMERA - CLOUD UP (Extended ver.).mp3,-78.96234131,99.91948699951172,3.1819796562194824,18.865461349487305,-6.112918377,8.274659156799316,3.594542980194092,5.985732078552246,-8.12405014,2.3830435276031494,-0.3550722,-2.70451498,-5.538871288,6.548954010009766,-0.551164567,7.2714409828186035,1.9918456077575684,2.5063440799713135,1.8346498012542725,0.1275796741247177
25,Don Diablo - Gotta Let U Go.mp3,-60.37737274,122.00096893310547,-14.35528088,22.988597869873047,12.393505096435547,7.066751003265381,-3.586285114,9.338500977,-1.191622734,5.855367183685303,0.9392417073249817,3.8170413970947266,-0.300830245,3.0257863998413086,-0.827305913,4.984522819519043,-0.233484879,5.741129398345947,2.067153215408325,1.7372912168502808
26,Don Diablo - Momentum.mp3,-17.61085129,91.85585021972656,-10.66274834,21.747093200683594,11.312797546386719,9.630287170410156,-1.075585723,9.570255279541016,-2.017340899,1.3690247535705566,0.8044341802597046,5.157416820526123,-1.184495568,3.1053876876831055,-0.14002268,5.099471569061279,5.075127124786377,8.959246635437012,0.46783915162086487,-0.309548944
27,Drake - Headlines.mp3,-104.5329819,116.83977508544922,6.488405704498291,14.46804428100586,8.336841583251953,1.3525214195251465,-6.950794697,2.2827565670013428,-3.515590906,-0.048026621,-0.548577845,2.823577642440796,-1.437103629,3.4919722080230713,-2.205686331,1.822450041770935,-2.980826616,1.0341979265213013,-3.157979012,-2.795519352
28,Ekcle - Moonstone.mp3,-154.3323669,78.15588379,22.079544067382812,40.907039642333984,13.830582618713379,10.700849533081055,-3.472726107,-0.970947325,1.4138754606246948,1.7748146057128906,-3.035140514,0.8813587427139282,-0.201476797,-4.178422451,0.4794529676437378,1.4964916706085205,-1.952454567,2.5509843826293945,-4.956496239,-0.340202391
29,Emma Louise - Jungle.mp3,-150.7780914,123.33968353271484,22.33154869,13.874334335327148,17.68907928466797,3.3249125480651855,11.361571311950684,-3.519607306,4.202451705932617,1.0374839305877686,-4.524495125,-0.126731917,-5.113547802,4.4878997802734375,-2.432209253,1.3737967014312744,-2.760022402,-1.57649219,-6.92579937,-4.551841259
30,Fever - Buckshot.mp3,10.925369262695312,84.86160278320312,9.838574409484863,13.448060035705566,8.913745880126953,8.232882499694824,0.5691484808921814,7.638769626617432,-0.922542214,4.822637557983398,3.892547607421875,2.3496055603027344,0.7910827398300171,1.5302571058273315,-0.690917909,2.345472812652588,-6.732091904,2.3729474544525146,-2.270298481,0.8372546434402466
31,Flume - Amber.mp3,-120.795372,82.64083099365234,-9.326343536,20.31740379333496,6.9439287185668945,13.014117240905762,3.3347280025482178,10.165157318115234,2.351043224334717,5.3058977127075195,-0.756379247,4.258794308,1.8755602836608887,4.2443084716796875,2.0033395290374756,5.496068000793457,-0.222407743,2.3988327980041504,-1.743430376,0.8757924437522888
32,Flume - Daze 22.00.mp3,-52.22414017,131.89260864257812,-29.51091957,5.431672573,3.1477367877960205,-0.367471635,-8.344929695,3.8354105949401855,-2.035356522,3.0810799598693848,0.7861480712890625,5.765423298,1.9092196226119995,2.6980555057525635,-2.84239912,-0.405267775,-3.306844234,-2.566598415,-3.16811204,2.2249279022216797
33,Flume - Dreamtime.mp3,-59.15722275,143.09127807617188,-38.52101898,-28.35361481,-10.4163847,-8.044070244,-9.920403481,-1.478619814,0.45646363496780396,13.473444938659668,-3.068943262,-5.39038372,-11.83884335,-5.403043747,-5.72919035,-0.121521488,-2.460497141,2.9345359802246094,-0.009876502,2.828193426132202
36,Flume - Vitality.mp3,-16.13080215,79.92958832,-30.11139679,6.016333103179932,-8.706331253,5.174327850341797,-6.652906418,5.5553460121154785,0.43955910205841064,1.2798776626586914,-0.271813035,6.4626994132995605,-2.826521397,0.587775469,-4.221593857,1.6393795013427734,-2.94199419,5.0544610023498535,2.413510561,6.121635913848877
38,G4ItL9E15awb.128.mp3,-63.77998352,95.17366027832031,-16.3183918,24.69095802307129,-1.269316912,7.280621528625488,-3.335468769,2.1850011348724365,0.7588546872138977,2.7939655780792236,-2.918349981,2.4610910415649414,2.3575010299682617,5.7224040031433105,0.22281602025032043,3.8174095153808594,0.9108064770698547,4.333186626434326,-1.956222653,0.4160606265068054
39,Gigi Masin - Clouds.mp3,-293.9848633,124.6856460571289,23.814430236816406,31.776935577392578,30.982358932495117,14.471817016601562,4.647854328155518,-2.457603216,-1.120625615,-2.468977928,0.4369424879550934,-3.044449091,-5.141536236,-5.271423817,-2.730932713,-0.055679422,-0.184570521,-0.216957375,1.6588529348373413,5.400125980377197
40,Golden Vessel - Shoulders.mp3,-120.6992798,88.96204376220703,9.933935165405273,33.517494201660156,7.789063453674316,14.771256446838379,2.7023141384124756,7.903357506,-3.519181728,6.7711639404296875,-2.133996725,-2.698544025,-2.388409376,-0.09850657,-2.597945452,1.284140706062317,-4.170418739,-0.307959408,-1.922580123,0.5699489712715149
41,Hans Zimmer - Cornfield Chase.mp3,-258.0138245,147.31150817871094,2.8869760036468506,28.275842666625977,2.3684980869293213,2.8226332664489746,-1.012960672,-1.746220946,-2.464715719,-2.082413197,-5.285366058,2.066833734512329,1.862798810005188,2.073770761489868,0.16914764046669006,1.189959168434143,-3.322942972,-1.008872509,-1.89029026,2.9937820434570312
42,Harry Styles - As It Was.mp3,-44.40975571,116.09974670410156,7.1755266189575195,13.872568130493164,6.664643764,2.0383403301239014,-2.756369591,5.486441612243652,-0.699384034,-0.829362452,-1.92046392,0.1915251761674881,-2.560921907,1.9415526390075684,-1.132356644,2.4547696113586426,1.053326964378357,4.6725945472717285,-3.253041029,-0.543790996
43,Hentai Xander - in heat. (instrumental) (𝖘𝖑𝖔𝖜𝖊𝖉 + 𝖗𝖊𝖛𝖊𝖗𝖇).mp3,-218.1775208,156.9375,-11.68511581,38.84921646118164,-5.747559071,11.452263832092285,-0.576307178,-4.288114071,-4.848144054,-1.609974623,-0.402529418,3.6446585655212402,4.844024658203125,6.323767185211182,4.764002323150635,1.3731746673583984,-3.394600391,-2.640226364,-1.811547279,0.5354594588279724
44,Hymn For The Weekend (Mp3Beet.com) - 320Kbps.mp3,-76.56295013,72.75865936279297,-20.65903664,-0.531729817,-13.66286659,0.8614190220832825,-5.889196396,-3.932803392,-5.564869881,-1.955859542,-3.389848948,-1.758838296,-1.230028629,1.9145408868789673,-0.444348454,2.509840488433838,-0.981155813,3.4383440017700195,-0.296378583,-0.890810668
45,Initial D - Running in The 90s.mp3,-6.908421993,48.15652847290039,6.8642730712890625,22.107595443725586,7.946528434753418,11.549306869506836,2.892298936843872,8.152899742126465,-0.109026849,7.90625,0.046397693,5.134139537811279,0.059543509036302567,5.186558246612549,1.2591241598129272,3.4825878143310547,-0.578636229,2.2888875007629395,-3.148072958,0.8170262575149536
46,Initial_D_Speed_Lover.mp3,1.1154437065124512,54.42283630371094,-3.095597506,18.990278244018555,1.341567873954773,9.41417408,2.884469985961914,7.701507568359375,1.7593570947647095,7.973110675811768,-0.048769783,8.325817108154297,1.7780091762542725,8.159090042114258,0.9021947383880615,2.60526967,-1.187294006,4.6375837326049805,-0.461832196,4.242979049682617
47,Jack Harlow - First Class.mp3,-107.5520859,67.44931793,26.728620529174805,23.757322311401367,15.108257293701172,9.880055428,6.516700267791748,14.106138229370117,2.6424055099487305,5.671542167663574,-0.599128306,-1.605785489,-1.326054096,1.427056074142456,-1.210117579,-3.412209988,-7.980368614,-1.983361244,-6.509725571,-3.063004255
48,Jack Harlow - Tyler Herro.mp3,-68.68844604,86.43074035644531,10.329082489013672,11.465699195861816,7.4195122718811035,0.40039336681365967,-5.34224844,8.791514397,-6.551187992,7.761789798736572,-3.480405569,5.408294677734375,-2.396151304,-2.196076155,-0.075408414,0.9860725998878479,-3.291199446,4.529842376708984,2.7163639068603516,5.294785022735596
49,Jamie xx - Girl.mp3,-130.023819,126.6816177368164,-0.246728599,21.220510482788086,0.851468027,14.770600318908691,2.0955986976623535,11.968937873840332,-0.983387649,6.185736179351807,1.5593818426132202,3.2236855030059814,2.0704190731048584,1.647487759590149,2.2556419372558594,4.893934726715088,3.9718666076660156,5.229291915893555,-0.995005906,0.3914187550544739
50,Jamie xx - Loud Places.mp3,-139.7751465,114.46236419677734,1.8920525312423706,19.28677749633789,9.022166252,4.887127399,-2.976267815,7.311966419219971,-0.046846174,6.607599258422852,1.4457625150680542,3.2085816860198975,0.9649913907051086,5.879354476928711,0.2549256384372711,4.154771327972412,-0.704976141,-2.484436274,-2.184755087,4.744013309
52,Jesper Kyd - Ezio-'s Family.mp3,-178.3508148,145.77981567382812,-7.690988541,22.17754554748535,-0.617950261,1.3077852725982666,1.259298563,-5.134333611,-4.871872425,0.6349401473999023,-2.331755161,2.6768782138824463,-8.001321793,-6.423549652,-3.61121726,0.7166702747344971,1.0672708749771118,0.670406163,-2.189193487,1.0389111042022705
53,Josha Daniel - Closer.mp3,-49.97318268,93.56571197509766,-7.296170712,15.470772743225098,-4.664885521,4.463520050048828,-4.804183483,0.5202944278717041,-2.280005455,6.0888285636901855,-2.747528315,-2.038000822,-4.577355385,-0.364750266,-1.091447473,4.850632190704346,-0.094492733,1.274607539176941,-0.668750763,4.072258472442627
54,"Juice WRLD, Lil Uzi Vert - Wasted (Murkish _ Huken Nightcore Remix).mp3",-56.97339249,91.25802612304688,-0.534387708,12.500259399414062,3.466982364654541,5.170153617858887,1.482665777206421,7.297566890716553,0.10332159698009491,5.9100117683410645,-1.508626342,4.689288139343262,-1.667906642,5.981997013092041,-2.196584463,6.059032917022705,1.5678367614746094,2.4503133296966553,-5.288787842,1.7230249643325806
55,Kate Bush - Running Up That Hill (A Deal With God).mp3,-149.4316101,121.5306396484375,1.5374096632003784,23.773130416870117,-1.693488836,-2.388771057,4.191183567047119,-0.166910604,-8.864652634,3.413776159286499,-9.055111885,-1.609747767,-1.091315627,-1.600856185,-4.141144276,1.1958996057510376,-3.675893545,-0.442111969,-5.606812477,-2.292943001
56,Kensuke Ushio - (i can) say nothing.mp3,-123.9395752,132.32150268554688,-13.39998722,3.0011842250823975,12.391562461853027,8.070327758789062,8.040798187,0.9286963939666748,0.8498498797416687,5.8478851318359375,5.148001194000244,4.110714912414551,-1.780818224,0.7043108940124512,-1.402469993,2.7832298278808594,1.6575802564620972,5.416133403778076,0.020315561443567276,0.30207666754722595
57,Kensuke Ushio - lit(var).mp3,-298.1845093,154.2333221435547,8.068463325500488,12.255513191223145,-1.77281034,4.487549781799316,-5.034832954,-5.358746529,-2.169768572,0.8936594724655151,-3.805615187,-7.506459713,-7.900100708,-3.591778755,-1.970475078,2.8006906509399414,4.195630073547363,3.8262479305267334,-2.479215384,-3.403855085
58,Kensuke Ushio - night lights.mp3,-227.7873688,179.29505920410156,9.804754257202148,-7.790701866,4.931009292602539,-7.542846203,-8.795248985,-7.566714287,-7.503008842,-4.27987051,-4.573454857,4.504868984222412,-4.436658859,-2.28622818,-5.876672268,5.741149902,1.0771573781967163,5.6139984130859375,0.29129287600517273,-4.59985733
59,Kesha - Your Love Is My Drug 8 - Bit [8SK8 Remix].mp3,-204.5524597,108.74920654296875,30.29103660583496,18.919588088989258,2.0576391220092773,4.530610084533691,-3.557080507,0.6432501077651978,-5.965060234,-2.500720263,-6.526509762,-2.339914322,-2.391893148,5.1746368408203125,1.9667750597000122,0.2870432436466217,-6.028245449,4.861739158630371,7.914831638336182,2.96958065
60,Klyne - Waiting.mp3,-126.8587952,112.44746398925781,10.129502296447754,27.823883056640625,18.387643814086914,7.915305137634277,1.2172938585281372,3.5585412979125977,-4.318080902,0.9656213521957397,-5.063103676,-0.123255745,-6.653619289,-2.750510931,-1.925702453,-0.406446844,-3.347136497,2.812487840652466,-3.518737793,1.1181471347808838
61,Mallrat - Your Love.mp3,-50.67855453,108.35894775390625,0.679643989,10.336447715759277,2.8580305576324463,8.206542969,3.455566167831421,4.365550518035889,-4.790095329,3.0138931274414062,-1.608325481,0.8240270018577576,-5.165982246,0.6864898204803467,-3.658522367,1.8930121660232544,1.9370630979537964,6.727636337280273,4.0393595695495605,5.515727996826172
62,Mamamoo   gogobebe.mp3,-38.6618309,76.37296295166016,0.06709484,7.561845302581787,3.815192461013794,8.278086662,4.894256591796875,1.1159389019012451,0.31360408663749695,2.975585938,-6.825263023,-0.235415936,-2.04238081,1.1901880502700806,-2.500110149,1.058437705039978,-2.499771833,0.5541157126426697,-2.278686523,-0.324379534
63,Mareux - The Perfect Girl.mp3,-66.93994904,120.00831604003906,-26.23909187,50.34116744995117,-1.598947644,2.6861801147460938,6.858861923217773,6.830016136169434,3.2267651557922363,9.550709724,-0.926439583,4.567117691040039,0.5901657342910767,4.6213836669921875,5.060042381286621,8.163890838623047,-1.691658854,1.5289132595062256,-0.177195191,-1.700872064
64,MEGA_NRG_MAN_BURNING_DESIRE【頭文字D_INITIAL_D】.mp3,-27.54938316,84.44827270507812,8.506288528442383,16.323833465576172,1.9510589838027954,2.4942610263824463,0.072958857,10.371508598327637,-1.535869002,6.232770919799805,1.817768931388855,4.121566295623779,0.1764046847820282,1.7450098991394043,-1.816950798,4.211007595062256,-1.111903191,3.564016819000244,-0.402222484,2.167175293
65,Men at Work - Down Under.mp3,-157.6477051,80.32928466796875,0.13314509391784668,20.006017684936523,1.9446285963058472,13.821435928344727,-0.576913953,6.405235290527344,-6.016633511,9.688779830932617,-0.973458946,3.226731061935425,-0.389743954,-1.189420104,-3.609360695,3.2122609615325928,-8.195782661,-3.603084087,-3.080520391,-2.965421438
66,MGMT - Electric Feel.mp3,-37.18302536,101.04242706298828,-1.689082503,22.110984802246094,1.9455903768539429,10.520068168640137,-0.495550662,7.688694953918457,1.2277894020080566,7.182584762573242,0.6263453364372253,5.907714366912842,-3.824845552,1.7778737545013428,-3.461262941,2.7512927055358887,-0.768004835,-0.039428487,-1.815346599,1.8284010887145996
67,momentous - luv. fi (lofi video).mp3,-257.1611938,167.23406982421875,-5.733768463,7.664103031158447,7.472513675689697,0.5892663598060608,0.9753819108009338,-2.576505184,-3.312395096,-5.990156174,-7.892539024,-4.542450428,-3.175198555,-4.952862263,-3.062447548,-2.361467123,-1.86620152,-0.555173814,0.03538515,-1.485194683
68,Mont Duamel - Lessons.mp3,-77.48419952,116.54071807861328,5.872570514678955,17.016080856323242,3.8978137969970703,9.769113540649414,-5.284051418,-0.050487693,-6.493244648,0.9903820157051086,-3.752008915,1.0306425094604492,-2.664066553,2.8191113471984863,-3.200488091,2.269869565963745,-0.251436502,2.305767297744751,-3.741702795,1.1348583698272705
69,Mura Masa - 2gether.mp3,-109.1705399,109.1558609008789,16.56903648376465,21.301958084106445,6.871309757232666,3.7469804286956787,5.313452243804932,3.888392925262451,-3.834403753,8.279926300048828,-6.189237595,4.4587321281433105,-3.996630192,1.494180679321289,-1.615987897,1.643042802810669,-3.361899137,1.4876980781555176,-0.703887463,-0.090914659
70,Para One - Finale.mp3,-179.600647,155.60667419433594,-13.45975685,6.501551628112793,-1.664519429,5.688575744628906,-14.53447914,-2.48253274,-4.690379143,-2.609284401,-4.979488373,-1.082947731,-7.780293465,-3.29117918,-1.046835184,1.023769497871399,-0.524397373,-1.312234044,-3.17370677,-2.35251689
71,rAHHH - Clouds.mp3,-161.1112061,126.13308715820312,16.691123962402344,6.935887813568115,-8.540857315,-0.695688546,-4.060427189,-5.668673038,-0.538494647,1.2613184452056885,-5.801143646,-5.831430435,-7.552058697,-0.505750835,-3.360877991,0.2533210217952728,-4.666704655,0.9759788513183594,-0.731122613,2.6681265830993652
72,Ranidu - Hinahenne mung (Nil Nayaniye).mp3,-85.51602173,80.91213989257812,-11.06627178,17.83281707763672,0.2677273452281952,0.9230789542198181,-6.775602818,-1.652127147,-8.446466446,4.322173595428467,-2.802235603,0.24682480096817017,-2.726319075,1.542093276977539,-4.513823986,-3.215239525,-5.588277817,-0.500706971,-6.275965214,3.617677927017212
73,Rascal Flatts - Life is a Highway (1).mp3,-16.35011864,83.67499542236328,-6.959191322,31.93967628479004,5.449598789215088,9.389669418334961,2.3320655822753906,7.279407501220703,-0.108450182,9.262957572937012,-0.140452698,2.8734514713287354,-2.317129612,2.021005392074585,-1.825012088,0.8965688347816467,-2.856503725,2.0101864337921143,-2.501442432,2.436817169189453
74,Rome in Silver - Forever.mp3,-85.03629303,88.01411437988281,-11.42855453,14.822490692138672,2.1130573749542236,2.847576141357422,-2.805184126,6.176845073699951,-10.48942852,2.392758846282959,-2.308274746,0.069447942,-4.622523308,0.9172499775886536,-5.309385777,-2.214803219,-1.541372538,0.47512757778167725,0.26018667221069336,1.130956768989563
75,Ross from Friends - Love Divide.mp3,-175.1616821,98.80805206298828,42.45925521850586,27.477474212646484,9.285685539245605,4.330645561218262,-3.572313786,-0.266956389,-5.508478165,2.5117099285125732,-1.992907047,6.561314105987549,3.2253429889678955,4.376028060913086,-2.857389688,-0.45277366,-5.135223866,0.5522990822792053,-4.7391119,-0.646883428
76,Sex Education SoundTrack S01E06 Not Speaking by Oli Julian.mp3,-220.2864532,119.49422454833984,-15.42796612,20.067733764648438,-8.244835854,7.252181053161621,-19.8062706,3.5342888832092285,-2.570102453,3.852705478668213,-2.729285717,-3.390932798,-7.525286198,0.45318716764450073,-7.1226964,-6.68842268,-5.893091679,-3.313594818,-12.3978138,-7.620233059
77,Sex Education SoundTrack _ S01E02 Sex Pretzels by Oli Julian (320 kbps) (1).mp3,-107.9682541,95.71496582,6.217504024505615,20.732603073120117,-1.444359064,10.865407943725586,-5.658732891,10.763629913330078,-4.136428356,6.142493248,-0.524247348,1.8412435054779053,-0.548478901,-3.25724411,3.7479214668273926,-3.018168211,0.40082985162734985,0.7388433814048767,-4.901260853,-1.307531595
78,SHOW-GO - PULSE.mp3,-150.563736,102.84081268310547,-2.620167017,30.03071403503418,2.9315969944000244,-3.41390419,-7.828609943,-4.976225376,-9.891559601,-3.831881285,-5.186859131,-9.59622097,-9.552546501,0.4191235899925232,-5.506726742,-1.932953596,-12.26359081,-0.619753599,-6.463704109,-4.262000084
79,Sirens (feat. Caroline Polachek).mp3,-64.60366058,81.40648651123047,-15.41194725,8.044218063354492,-1.659003735,5.843522071838379,3.9313032627105713,5.5499653816223145,-3.789118528,7.312707424163818,-0.00508506,10.055068969726562,4.8864006996154785,7.4998908042907715,0.8909534811973572,3.824805498123169,1.4550248384475708,7.416910648345947,1.369787335395813,5.051823616027832
80,Snow Angels.mp3,-181.719696,188.96267700195312,-14.21467781,29.800302505493164,3.9243414402008057,6.997689247131348,-5.984021664,-0.741947234,-2.839339495,0.3424173593521118,-1.775653362,0.9060562252998352,-2.077721596,-0.646508515,-2.060067177,-0.17076014,-3.554874182,-0.953790843,2.228668451309204,3.1962056159973145
81,STUTS - One.mp3,-42.86491013,93.00443267822266,3.4114861488342285,34.297061920166016,7.4302873611450195,7.262158393859863,-4.609457493,5.421125888824463,-4.134727001,6.687459945678711,-0.827006459,0.8092361092567444,-2.351169109,2.9040122032165527,-0.953388155,4.553334712982178,-4.007408142,1.2835073471069336,-2.284253836,-2.045948982
82,Tek Genesis - Petrichor.mp3,-68.86901855,70.37558746,-1.30462718,14.292045593261719,-1.448658943,8.792499542236328,-4.955377102,10.739294052124023,2.4966468811035156,8.325580596923828,2.100162982940674,-1.867502928,-3.008179188,3.516101598739624,2.0838100910186768,8.219241142,-0.049263854,5.4456000328063965,-1.281735659,1.983182430267334
83,The Chords - Sh-Boom.mp3,-96.19937897,101.28428649902344,3.711029291152954,46.4216423,-1.721634865,18.03174591064453,-17.07209015,13.74329948425293,-18.02494049,-1.057579517,-6.361118793,-1.087157607,-8.653946877,-3.581073046,-5.893091679,-3.114112377,-5.658115387,-3.260504007,-6.508937836,-0.926573396
84,The Nicholas - Blink.mp3,-164.3398895,115.3766860961914,-15.1522646,14.367502212524414,-0.408101708,-10.30610371,-9.985940933,-5.193647861,-18.08926392,1.8134691715240479,-12.8723011,-6.710058212,-14.02466679,-9.717288017,-10.22941971,-4.620342731,-6.871502399,1.4295744895935059,-5.04796648,-3.414438486
85,The Nicholas - Casi.mp3,-226.1848755,131.0829315185547,-12.12653065,-7.177194595,-11.07470417,-10.91818714,-7.363379955,-4.828239918,-8.1693573,-6.36717844,0.42684486508369446,7.6990532875061035,6.913430213928223,2.1749002933502197,1.5456888675689697,2.9767470359802246,-2.32593441,-1.380192399,6.838783264160156,5.251420021057129
86,The Spiders From Mars - Fly to me to the moon & back.mp3,-96.96172333,100.24910736083984,-9.394459724,22.91301155090332,2.2861928939819336,6.670367240905762,0.18756406009197235,8.209661483764648,-0.692960143,4.639159679412842,-2.971328497,3.489595651626587,-2.303214788,-0.361764431,-0.060079839,4.477297306060791,-2.350789309,4.486248493,-0.81922847,1.460010051727295
89,The Streets - The Escapist.mp3,-92.2101059,102.5433578491211,-20.76717567,17.995075225830078,4.065324783325195,-3.712497711,3.478537082672119,4.743646621704102,2.3672304153442383,-0.0323481,-3.407025099,-5.659000397,-2.677804947,-4.557682514,-4.386992455,-1.244820356,-5.32884264,1.7834361791610718,-4.642324448,-6.001927853
90,The xx - A Violent Noise.mp3,-131.695816,136.64004516601562,-7.097954273,21.27673912,9.370910645,4.702108383178711,4.411855220794678,2.8951468467712402,-5.052780151,1.4985169172286987,-2.707136154,4.812085151672363,-1.412571907,-4.331554413,-0.116373613,-0.048127003,-5.315810204,0.8664665222167969,0.1500784158706665,0.27924078702926636
91,The xx - Dangerous.mp3,-73.71615601,99.82933044433594,5.181441783905029,23.662151336669922,7.674022674560547,12.522119522094727,6.433608531951904,11.500069618225098,1.688295602798462,9.412202835083008,-0.152028292,9.083409309387207,0.4133153259754181,5.149785519,2.656740904,-1.776908517,-1.586628079,6.299044609069824,1.8278332948684692,2.1266744136810303
92,Two Feet - Love Is a Bitch.mp3,-184.4942017,130.2233428955078,1.608804464,18.32420539855957,10.077966690063477,8.811454772949219,1.6034470796585083,0.3111110031604767,-0.437486619,1.5144332647323608,-1.192050219,4.106812953948975,0.12371338903903961,0.6374809145927429,-0.145519421,3.628986120223999,1.2215429544448853,2.4000332355499268,-1.538579226,-0.08332105
93,Underscores - voice of reason.mp3,-169.5098267,105.28104400634766,3.5033814907073975,10.219819068908691,3.678284168243408,3.607827902,3.920682191848755,5.238168716430664,-2.955284357,0.6532768607139587,-2.294887543,3.4824609756469727,-0.217571571,0.6877111792564392,-0.907289326,1.3455071449279785,-0.420021057,1.7099064588546753,-0.709042192,1.248652696609497
94,Why Don-'t We - Something Different.mp3,-101.855278,86.66687012,10.41434097290039,38.991310119628906,9.174056053161621,12.472698211669922,4.052423477172852,4.762190341949463,0.3821503520011902,3.1882479190826416,-2.223569155,1.379602313041687,-1.386046052,3.143249988555908,1.0938212871551514,3.079284668,1.9470806121826172,3.8874926567077637,1.083128809928894,3.464223861694336
95,William Basinski - dlp 1.2.mp3,-305.8359985,214.86544799804688,31.283748626708984,-2.054337025,-3.637217045,4.782060623168945,1.5083264112472534,-3.777028084,-7.676990986,-8.240422249,-5.512408733,-2.555616379,-2.282729626,-4.081760883,-5.479647636,-6.75810957,-8.23525238,-10.72026443,-9.489484787,-7.143437386
96,XXXTentacion - changes.mp3,-159.4285126,127.6385269165039,6.715186119,20.98851967,15.955103874206543,0.13253599405288696,-10.87637329,8.294205665588379,-21.94548416,10.057753562927246,-1.26807332,-9.13759613,1.7802355289459229,6.743650436401367,4.180590629577637,7.727905273,-0.724341869,-4.102558613,-2.487743378,-5.060970306
97,xxxtentacion - Ecstasy.mp3,-137.3805389,129.31039428710938,5.131413459777832,5.537603855133057,3.6443309783935547,3.2225327491760254,10.538354873657227,2.2734975814819336,6.4319024085998535,1.2922804355621338,-1.642013788,0.4792865216732025,-1.224871993,7.760009288787842,-2.075616837,5.415497303009033,-2.310626984,-1.474856377,-5.435801983,-4.540694237
98,Xxxtentacion - SAD! .mp3,-156.0400238,102.69120788574219,17.431827545166016,24.26749038696289,8.910187721252441,10.559977531433105,3.5904860496520996,7.8419413566589355,-3.250466585,6.8011980056762695,-7.806715965,-1.004292011,-2.86426115,0.9169755578041077,-5.172388554,-2.201974392,-4.319859028,1.406831145,-1.499729872,-1.219201207
99,you can do it! __ nagatoro lofi.mp3,-279.8250427,105.63838958740234,21.652578353881836,18.325084686279297,-20.89032745,-9.644216537,-10.52253723,-5.208163261,0.4292123019695282,0.5092450976371765,-2.858165026,3.8927996158599854,-1.689024568,4.191065311431885,-0.317995727,1.6121056079864502,-3.227801085,1.0206248760223389,-2.451200008,-1.337319374